{
  "xxxx": 0.009984128153311086,
  "xxyy": -0.003348779421760193,
  "xxzz": -0.0033487794216118384,
  "xxyz": 3.5832107878076406e-12,
  "xxxz": 2.8983809424278837e-13,
  "xxxy": 1.4398534818744694e-12,
  "yyxx": -0.0033487794217601933,
  "yyyy": 0.009984128154381138,
  "yyzz": -0.003348779421844068,
  "yyyz": -1.4489852665801186e-12,
  "yyxz": 1.06811422535753e-12,
  "yyxy": 4.190709086131776e-13,
  "zzxx": -0.0033487794216118384,
  "zzyy": -0.0033487794218440676,
  "zzzz": 0.009984128153259561,
  "zzyz": -2.7062097707503502e-12,
  "zzxz": 2.2451165355998418e-13,
  "zzxy": -1.6050341234058624e-12,
  "yzxx": 3.583210787807641e-12,
  "yzyy": -1.4489852665801192e-12,
  "yzzz": -2.7062097707503502e-12,
  "yzyz": 0.004428750002318082,
  "yzxz": -8.074348100993386e-12,
  "yzxy": -2.3300049596063073e-12,
  "xzxx": 2.898380942427881e-13,
  "xzyy": 1.06811422535753e-12,
  "xzzz": 2.2451165355998418e-13,
  "xzyz": -8.074348100993386e-12,
  "xzxz": 0.004428749994304485,
  "xzxy": -4.571493707588656e-12,
  "xyxx": 1.4398534818744694e-12,
  "xyyy": 4.190709086131776e-13,
  "xyzz": -1.6050341234058626e-12,
  "xyyz": -2.3300049596063073e-12,
  "xyxz": -4.571493707588656e-12,
  "xyxy": 0.004428750009899807
}