{
  "xxxx": 151.424479257262,
  "xxyy": 76.4220842857599,
  "xxzz": 76.4220842905037,
  "xxyz": -2.54063971146092e-08,
  "xxxz": -1.61076767806435e-08,
  "xxxy": -1.43827584433733e-08,
  "yyxx": 76.4220842857599,
  "yyyy": 151.424479241638,
  "yyzz": 76.4220842870078,
  "yyyz": 1.7204582930486e-08,
  "yyxz": -2.26978628459233e-08,
  "yyxy": -5.73910755905167e-09,
  "zzxx": 76.4220842905037,
  "zzyy": 76.4220842870078,
  "zzzz": 151.424479259104,
  "zzyz": 2.78503462931226e-08,
  "zzxz": -1.55545138558701e-08,
  "zzxy": 1.14003476865499e-08,
  "yzxx": -2.54063971146092e-08,
  "yzyy": 1.7204582930486e-08,
  "yzzz": 2.78503462931226e-08,
  "yzyz": 56.449336690747,
  "yzxz": 1.02916532932445e-07,
  "yzxy": 2.96985006309762e-08,
  "xzxx": -1.61076767806435e-08,
  "xzyy": -2.26978628459233e-08,
  "xzzz": -1.55545138558701e-08,
  "xzyz": 1.02916532932445e-07,
  "xzxz": 56.4493367928892,
  "xzxy": 5.82687637850549e-08,
  "xyxx": -1.43827584433733e-08,
  "xyyy": -5.73910755905167e-09,
  "xyzz": 1.14003476865499e-08,
  "xyyz": 2.96985006309762e-08,
  "xyxz": 5.82687637850549e-08,
  "xyxy": 56.4493365941095
}