{"xx":-7.6421897687166658671e-05, "yy":-7.6421897698664947971e-05,"zz":-0.00015142431128491453079,"yz":-1.1422135472314471557e-13,"xz":5.5683673445630116482e-14,"xy":3.8683527463455901555e-15}
