{
  "1.0e-6": {
    "xx": {
      "xx": -0.0001514243112858658,
      "yy": -7.642189769772133e-05,
      "zz": -7.642189768692233e-05,
      "yz": 4.475827638230226e-14,
      "xz": -6.890039311351567e-14,
      "xy": -1.0522798694337048e-13
    },
    "yy": {
      "xx": -7.642189767674945e-05,
      "yy": -0.00015142431127844943,
      "zz": -7.642189767571664e-05,
      "yz": -1.2177241506447293e-13,
      "xz": 1.867199348408072e-14,
      "xy": -9.26331213959351e-14
    },
    "zz": {
      "xx": -7.642189768716666e-05,
      "yy": -7.642189769866495e-05,
      "zz": -0.00015142431128491453,
      "yz": -1.1422135472314472e-13,
      "xz": 5.5683673445630116e-14,
      "xy": 3.86835274634559e-15
    },
    "yz": {
      "xx": -1.427226577941074e-11,
      "yy": -5.771051008311989e-11,
      "zz": 1.769875712805804e-11,
      "yz": -5.644933673058794e-05,
      "xz": -1.6322069459328169e-13,
      "xy": -1.4073509532731022e-13
    },
    "xz": {
      "xx": -5.770379266222372e-11,
      "yy": -1.428911402975112e-11,
      "zz": 1.7693862532840504e-11,
      "yz": -1.3374284297858039e-13,
      "xz": -5.644933681219566e-05,
      "xy": -5.306290606021105e-14
    },
    "xy": {
      "xx": -5.77007417343441e-11,
      "yy": 1.7684414997122982e-11,
      "zz": -1.4274426409059289e-11,
      "yz": -1.5810251003520889e-13,
      "xz": -1.110424349244016e-13,
      "xy": -5.6449336851489344e-05
    }
  },
  "-1.0e-6": {
    "xx": {
      "xx": 0.00015142464722865857,
      "yy": 7.642227087948876e-05,
      "zz": 7.642227089145869e-05,
      "yz": -5.251777223273489e-14,
      "xz": -1.3240746900938604e-13,
      "xy": -1.592809412420654e-13
    },
    "yy": {
      "xx": 7.642227088907977e-05,
      "yy": 0.00015142464720482805,
      "zz": 7.642227088881144e-05,
      "yz": -4.9426075618126165e-14,
      "xz": -6.966695450361313e-14,
      "xy": -1.1202099259584071e-13
    },
    "zz": {
      "xx": 7.642227089646678e-05,
      "yy": 7.64222708848383e-05,
      "zz": 0.0001514246472332926,
      "yz": 7.406817777443244e-16,
      "xz": -6.1880346878502835e-15,
      "xy": 5.3624226652545626e-14
    },
    "yz": {
      "xx": -1.4276615319254051e-11,
      "yy": -5.771403809084434e-11,
      "zz": 1.7695196476729552e-11,
      "yz": 5.6449336650906006e-05,
      "xz": 1.5566211249745744e-13,
      "xy": -8.721516972963879e-14
    },
    "xz": {
      "xx": -5.770471629345039e-11,
      "yy": -1.4291566533147127e-11,
      "zz": 1.7693516185550466e-11,
      "yz": -4.09595183395403e-14,
      "xz": 5.644933677358268e-05,
      "xy": 3.147633225289889e-14
    },
    "xy": {
      "xx": -5.7704219813818936e-11,
      "yy": 1.768084643808671e-11,
      "zz": -1.4278580892219343e-11,
      "yz": -9.282843310897513e-14,
      "xz": 3.749338190270817e-14,
      "xy": 5.6449336336729695e-05
    }
  }
}