{"xx":-2.2709669199827007371e-15, "yy":-8.800783012669045051e-15,"zz":-1.2463631495248945446e-15,"yz":-2.2833445772872979618e-14,"xz":1.2434230513788431143e-14,"xy":5.9162573177610992597e-14}
