{"xx":-7.6421897676749454462e-05, "yy":-0.00015142431127844943324,"zz":-7.6421897675716643473e-05,"yz":-1.2177241506447292857e-13,"xz":1.8671993484080719168e-14,"xy":-9.2633121395935099266e-14}
