{"xx":-5.7704716293450387544e-11, "yy":-1.4291566533147126695e-11,"zz":1.7693516185550466299e-11,"yz":-4.0959518339540300493e-14,"xz":5.6449336773582681984e-05,"xy":3.1476332252898891484e-14}
