{"xx":-5.7700741734344102963e-11, "yy":1.7684414997122981646e-11,"zz":-1.4274426409059289072e-11,"yz":-1.5810251003520888702e-13,"xz":-1.1104243492440160052e-13,"xy":-5.6449336851489343683e-05}
