{"xx":-5.7703792662223721635e-11, "yy":-1.4289114029751120046e-11,"zz":1.7693862532840504278e-11,"yz":-1.3374284297858038721e-13,"xz":-5.6449336812195661443e-05,"xy":-5.306290606021104925e-14}
