{
  "xxxx": 151.4244792572622,
  "xxyy": 76.42208428860505,
  "xxzz": 76.42208428919051,
  "xxyz": -4.863802430751858e-08,
  "xxxz": -3.175353794793518e-08,
  "xxxy": -2.7026477149347463e-08,
  "yyxx": 76.42208428291462,
  "yyyy": 151.42447924163875,
  "yyzz": 76.42208428226405,
  "yyyz": 3.617316972317339e-08,
  "yyxz": -4.416947399384692e-08,
  "yyxy": -9.693935599952798e-09,
  "zzxx": 76.42208429181673,
  "zzyy": 76.42208429175163,
  "zzzz": 151.42447925910358,
  "zzyz": 5.748101825044453e-08,
  "zzxz": -3.09358540667402e-08,
  "zzxy": 2.487793695310002e-08,
  "yzxx": -2.1747699216557165e-09,
  "yzyy": -1.7640038622284001e-09,
  "yzzz": -1.78032566424347e-09,
  "yzyz": 56.449336690746975,
  "yzxz": 1.5944140354536959e-07,
  "yzxy": 2.6759962798835718e-08,
  "xzxx": -4.6181561333180415e-10,
  "xzyy": -1.226251698003136e-09,
  "xzzz": -1.731736450185571e-10,
  "xzyz": 4.6391662319520046e-08,
  "xzxz": 56.44933679288917,
  "xzxy": 4.226961915655497e-08,
  "xyxx": -1.7390397374160535e-09,
  "xyyy": -1.7842795181367946e-09,
  "xyzz": -2.0772415800272777e-09,
  "xyyz": 3.2637038463116874e-08,
  "xyxz": 7.426790841355489e-08,
  "xyxy": 56.449336594109525
}