{
  "xxxx": 0.00016797366734522257,
  "xxyy": 0.00018659968449696862,
  "xxzz": 0.00018660351453547716,
  "xxyz": 1.8953697847656663e-08,
  "xxxz": 1.1308816157523928e-07,
  "xxxy": 1.914170372703289e-07,
  "yyxx": 0.00018660843613105266,
  "yyyy": 0.00016797199009488392,
  "yyzz": 0.00018660779375778702,
  "yyyz": 6.276579956842657e-08,
  "yyxz": 3.793171102355463e-08,
  "yyxy": 1.6148963017349888e-07,
  "zzxx": 0.00018660692102656637,
  "zzyy": 0.00018660188746366657,
  "zzzz": 0.00016797543540292279,
  "zzyz": 3.390689069982722e-08,
  "zzxz": 1.2313588865101485e-08,
  "zzxy": 3.0416283478165385e-08,
  "yzxx": 1.4272169582412411e-05,
  "yzyy": 5.770347330396944e-05,
  "yzzz": 1.7698223165543322e-05,
  "yzyz": 1.7007522501444328e-08,
  "yzxz": 1.621352156170054e-08,
  "yzxy": 1.731377057060855e-07,
  "xzxx": 5.770198351091708e-05,
  "xzyy": 1.4281539498436454e-05,
  "xzzz": 1.769493572234501e-05,
  "xzyz": 6.451773488618737e-08,
  "xzxz": 3.174072205069953e-08,
  "xzxy": 6.995586008126707e-08,
  "xyxx": 5.770020980716154e-05,
  "xyyy": 1.769143150061751e-05,
  "xyzz": 1.4275257287489792e-05,
  "xyyz": 1.0263202579921902e-07,
  "xyxz": 4.920875702463515e-08,
  "xyxy": 3.165424011797313e-07
}