{
  "xxxx": [
    151.42431128359485,
    151.42464723092954
  ],
  "xxyy": [
    76.42189768892055,
    76.42227088828955
  ],
  "xxzz": [
    76.42189768567597,
    76.42227089270504
  ],
  "xxyz": [
    -6.759172215517524e-08,
    -2.9684326459861914e-08
  ],
  "xxxz": [
    8.13346236273041e-08,
    -1.4484169952317447e-07
  ],
  "xxxy": [
    1.6439056012098148e-07,
    -2.184435144196764e-07
  ],
  "yyxx": [
    76.42189767447849,
    76.42227089135075
  ],
  "yyyy": [
    151.42431126964865,
    151.42464721362884
  ],
  "yyzz": [
    76.42189767447029,
    76.4222708900578
  ],
  "yyyz": [
    9.893896929159996e-08,
    -2.6592629845253188e-08
  ],
  "yyxz": [
    -6.237762970292288e-09,
    -8.210118501740156e-08
  ],
  "yyxy": [
    1.5179569457354612e-07,
    -1.7118356577345171e-07
  ],
  "zzxx": [
    76.4218976848957,
    76.42227089873775
  ],
  "zzyy": [
    76.42189768986417,
    76.4222708936391
  ],
  "zzzz": [
    151.42431128366817,
    151.42464723453898
  ],
  "zzyz": [
    9.138790895027175e-08,
    2.3574127550617305e-08
  ],
  "zzxz": [
    -4.3249442931841685e-08,
    -1.8622265201638712e-08
  ],
  "zzxy": [
    5.5294220431265405e-08,
    -5.538346525065367e-09
  ],
  "yzxx": [
    1.4269994812490756e-05,
    -1.4274344352334068e-05
  ],
  "yzyy": [
    5.770170930010722e-05,
    -5.7705237307831674e-05
  ],
  "yzzz": [
    -1.7700003491207567e-05,
    1.769644283987908e-05
  ],
  "yzyz": [
    56.4493367077545,
    56.44933667373945
  ],
  "yzxz": [
    1.756549251070701e-07,
    1.4322788198366903e-07
  ],
  "yzxy": [
    1.9989766850492123e-07,
    -1.463777429072498e-07
  ],
  "xzxx": [
    5.7701521695303746e-05,
    -5.770244532653041e-05
  ],
  "xzyy": [
    1.4280313246738451e-05,
    -1.4282765750134458e-05
  ],
  "xzzz": [
    -1.769510889599003e-05,
    1.7694762548699993e-05
  ],
  "xzyz": [
    1.1090939720570742e-07,
    -1.812607256666732e-08
  ],
  "xzxz": [
    56.449336824629896,
    56.44933676114845
  ],
  "xzxy": [
    1.1222547923782204e-07,
    -2.7686240924712103e-08
  ],
  "xyxx": [
    5.769847076742412e-05,
    -5.7701948846898955e-05
  ],
  "xyyy": [
    -1.769321578013565e-05,
    1.7689647221099377e-05
  ],
  "xyzz": [
    1.4273180045909765e-05,
    -1.4277334529069819e-05
  ],
  "xyyz": [
    1.352690642623359e-07,
    -6.999498733610216e-08
  ],
  "xyxz": [
    1.2347666543819004e-07,
    2.5059151388919742e-08
  ],
  "xyxy": [
    56.44933691065192,
    56.44933627756712
  ]
}