{"1":-1.4272265779410739997e-11, "2":-5.7710510083119887496e-11,"3":1.7698757128058041449e-11,"4":-5.6449336730587940103e-05,"5":-1.6322069459328168705e-13,"6":-1.4073509532731022367e-13}
