{"xx":-0.00015142431128586580978, "yy":-7.6421897697721326162e-05,"zz":-7.6421897686922333711e-05,"yz":4.4758276382302256923e-14,"xz":-6.8900393113515671051e-14,"xy":-1.0522798694337047726e-13}
