{"xx":0.00015142464722865857244, "yy":7.6422270879488755847e-05,"zz":7.6422270891458686645e-05,"yz":-5.2517772232734891046e-14,"xz":-1.3240746900938603949e-13,"xy":-1.5928094124206539413e-13}
