{"xx":-1.4272265779410739997e-11, "yy":-5.7710510083119887496e-11,"zz":1.7698757128058041449e-11,"yz":-5.6449336730587940103e-05,"xz":-1.6322069459328168705e-13,"xy":-1.4073509532731022367e-13}
