{
  "components": [
    "xx",
    "yy",
    "zz",
    "yz",
    "xz",
    "xy"
  ],
  "epsilons": [
    "1.0e-6",
    "-1.0e-6"
  ],
  "stiffness": {
    "per_epsilon": {
      "xxxx": [
        151.42431128359485,
        151.42464723092954
      ],
      "xxyy": [
        76.42189768892055,
        76.42227088828955
      ],
      "xxzz": [
        76.42189768567597,
        76.42227089270504
      ],
      "xxyz": [
        -6.759172215517524e-08,
        -2.9684326459861914e-08
      ],
      "xxxz": [
        8.13346236273041e-08,
        -1.4484169952317447e-07
      ],
      "xxxy": [
        1.6439056012098148e-07,
        -2.184435144196764e-07
      ],
      "yyxx": [
        76.42189767447849,
        76.42227089135075
      ],
      "yyyy": [
        151.42431126964865,
        151.42464721362884
      ],
      "yyzz": [
        76.42189767447029,
        76.4222708900578
      ],
      "yyyz": [
        9.893896929159996e-08,
        -2.6592629845253188e-08
      ],
      "yyxz": [
        -6.237762970292288e-09,
        -8.210118501740156e-08
      ],
      "yyxy": [
        1.5179569457354612e-07,
        -1.7118356577345171e-07
      ],
      "zzxx": [
        76.4218976848957,
        76.42227089873775
      ],
      "zzyy": [
        76.42189768986417,
        76.4222708936391
      ],
      "zzzz": [
        151.42431128366817,
        151.42464723453898
      ],
      "zzyz": [
        9.138790895027175e-08,
        2.3574127550617305e-08
      ],
      "zzxz": [
        -4.3249442931841685e-08,
        -1.8622265201638712e-08
      ],
      "zzxy": [
        5.5294220431265405e-08,
        -5.538346525065367e-09
      ],
      "yzxx": [
        1.4269994812490756e-05,
        -1.4274344352334068e-05
      ],
      "yzyy": [
        5.770170930010722e-05,
        -5.7705237307831674e-05
      ],
      "yzzz": [
        -1.7700003491207567e-05,
        1.769644283987908e-05
      ],
      "yzyz": [
        56.4493367077545,
        56.44933667373945
      ],
      "yzxz": [
        1.756549251070701e-07,
        1.4322788198366903e-07
      ],
      "yzxy": [
        1.9989766850492123e-07,
        -1.463777429072498e-07
      ],
      "xzxx": [
        5.7701521695303746e-05,
        -5.770244532653041e-05
      ],
      "xzyy": [
        1.4280313246738451e-05,
        -1.4282765750134458e-05
      ],
      "xzzz": [
        -1.769510889599003e-05,
        1.7694762548699993e-05
      ],
      "xzyz": [
        1.1090939720570742e-07,
        -1.812607256666732e-08
      ],
      "xzxz": [
        56.449336824629896,
        56.44933676114845
      ],
      "xzxy": [
        1.1222547923782204e-07,
        -2.7686240924712103e-08
      ],
      "xyxx": [
        5.769847076742412e-05,
        -5.7701948846898955e-05
      ],
      "xyyy": [
        -1.769321578013565e-05,
        1.7689647221099377e-05
      ],
      "xyzz": [
        1.4273180045909765e-05,
        -1.4277334529069819e-05
      ],
      "xyyz": [
        1.352690642623359e-07,
        -6.999498733610216e-08
      ],
      "xyxz": [
        1.2347666543819004e-07,
        2.5059151388919742e-08
      ],
      "xyxy": [
        56.44933691065192,
        56.44933627756712
      ]
    },
    "mean": {
      "xxxx": 151.4244792572622,
      "xxyy": 76.42208428860505,
      "xxzz": 76.42208428919051,
      "xxyz": -4.863802430751858e-08,
      "xxxz": -3.175353794793518e-08,
      "xxxy": -2.7026477149347463e-08,
      "yyxx": 76.42208428291462,
      "yyyy": 151.42447924163875,
      "yyzz": 76.42208428226405,
      "yyyz": 3.617316972317339e-08,
      "yyxz": -4.416947399384692e-08,
      "yyxy": -9.693935599952798e-09,
      "zzxx": 76.42208429181673,
      "zzyy": 76.42208429175163,
      "zzzz": 151.42447925910358,
      "zzyz": 5.748101825044453e-08,
      "zzxz": -3.09358540667402e-08,
      "zzxy": 2.487793695310002e-08,
      "yzxx": -2.1747699216557165e-09,
      "yzyy": -1.7640038622284001e-09,
      "yzzz": -1.78032566424347e-09,
      "yzyz": 56.449336690746975,
      "yzxz": 1.5944140354536959e-07,
      "yzxy": 2.6759962798835718e-08,
      "xzxx": -4.6181561333180415e-10,
      "xzyy": -1.226251698003136e-09,
      "xzzz": -1.731736450185571e-10,
      "xzyz": 4.6391662319520046e-08,
      "xzxz": 56.44933679288917,
      "xzxy": 4.226961915655497e-08,
      "xyxx": -1.7390397374160535e-09,
      "xyyy": -1.7842795181367946e-09,
      "xyzz": -2.0772415800272777e-09,
      "xyyz": 3.2637038463116874e-08,
      "xyxz": 7.426790841355489e-08,
      "xyxy": 56.449336594109525
    },
    "sem": {
      "xxxx": 0.00016797366734522257,
      "xxyy": 0.00018659968449696862,
      "xxzz": 0.00018660351453547716,
      "xxyz": 1.8953697847656663e-08,
      "xxxz": 1.1308816157523928e-07,
      "xxxy": 1.914170372703289e-07,
      "yyxx": 0.00018660843613105266,
      "yyyy": 0.00016797199009488392,
      "yyzz": 0.00018660779375778702,
      "yyyz": 6.276579956842657e-08,
      "yyxz": 3.793171102355463e-08,
      "yyxy": 1.6148963017349888e-07,
      "zzxx": 0.00018660692102656637,
      "zzyy": 0.00018660188746366657,
      "zzzz": 0.00016797543540292279,
      "zzyz": 3.390689069982722e-08,
      "zzxz": 1.2313588865101485e-08,
      "zzxy": 3.0416283478165385e-08,
      "yzxx": 1.4272169582412411e-05,
      "yzyy": 5.770347330396944e-05,
      "yzzz": 1.7698223165543322e-05,
      "yzyz": 1.7007522501444328e-08,
      "yzxz": 1.621352156170054e-08,
      "yzxy": 1.731377057060855e-07,
      "xzxx": 5.770198351091708e-05,
      "xzyy": 1.4281539498436454e-05,
      "xzzz": 1.769493572234501e-05,
      "xzyz": 6.451773488618737e-08,
      "xzxz": 3.174072205069953e-08,
      "xzxy": 6.995586008126707e-08,
      "xyxx": 5.770020980716154e-05,
      "xyyy": 1.769143150061751e-05,
      "xyzz": 1.4275257287489792e-05,
      "xyyz": 1.0263202579921902e-07,
      "xyxz": 4.920875702463515e-08,
      "xyxy": 3.165424011797313e-07
    }
  }
}