{"xx":7.6422270889079770896e-05, "yy":0.00015142464720482805263,"zz":7.642227088881144441e-05,"yz":-4.942607561812616532e-14,"xz":-6.9666954503613131781e-14,"xy":-1.1202099259584071187e-13}
