{"xx":7.642227089646677911e-05, "yy":7.6422270884838304234e-05,"zz":0.00015142464723329258805,"yz":7.4068177774432443464e-16,"xz":-6.1880346878502834667e-15,"xy":5.3624226652545626409e-14}
