{"xx":-5.7704219813818935609e-11, "yy":1.7680846438086708643e-11,"zz":-1.4278580892219343315e-11,"yz":-9.2828433108975131057e-14,"xz":3.7493381902708172022e-14,"xy":5.6449336336729694931e-05}
