{
  "00": 0.009984128153311086,
  "01": -0.003348779421760193,
  "02": -0.0033487794216118384,
  "03": 3.5832107878076406e-12,
  "04": 2.8983809424278837e-13,
  "05": 1.4398534818744694e-12,
  "10": -0.0033487794217601933,
  "11": 0.009984128154381138,
  "12": -0.003348779421844068,
  "13": -1.4489852665801186e-12,
  "14": 1.06811422535753e-12,
  "15": 4.190709086131776e-13,
  "20": -0.0033487794216118384,
  "21": -0.0033487794218440676,
  "22": 0.009984128153259561,
  "23": -2.7062097707503502e-12,
  "24": 2.2451165355998418e-13,
  "25": -1.6050341234058624e-12,
  "30": 3.583210787807641e-12,
  "31": -1.4489852665801192e-12,
  "32": -2.7062097707503502e-12,
  "33": 0.004428750002318082,
  "34": -8.074348100993386e-12,
  "35": -2.3300049596063073e-12,
  "40": 2.898380942427881e-13,
  "41": 1.06811422535753e-12,
  "42": 2.2451165355998418e-13,
  "43": -8.074348100993386e-12,
  "44": 0.004428749994304485,
  "45": -4.571493707588656e-12,
  "50": 1.4398534818744694e-12,
  "51": 4.190709086131776e-13,
  "52": -1.6050341234058626e-12,
  "53": -2.3300049596063073e-12,
  "54": -4.571493707588656e-12,
  "55": 0.004428750009899807
}