{
  "00": 151.424479257262,
  "01": 76.4220842857599,
  "02": 76.4220842905037,
  "03": -2.54063971146092e-08,
  "04": -1.61076767806435e-08,
  "05": -1.43827584433733e-08,
  "10": 76.4220842857599,
  "11": 151.424479241638,
  "12": 76.4220842870078,
  "13": 1.7204582930486e-08,
  "14": -2.26978628459233e-08,
  "15": -5.73910755905167e-09,
  "20": 76.4220842905037,
  "21": 76.4220842870078,
  "22": 151.424479259104,
  "23": 2.78503462931226e-08,
  "24": -1.55545138558701e-08,
  "25": 1.14003476865499e-08,
  "30": -2.54063971146092e-08,
  "31": 1.7204582930486e-08,
  "32": 2.78503462931226e-08,
  "33": 56.449336690747,
  "34": 1.02916532932445e-07,
  "35": 2.96985006309762e-08,
  "40": -1.61076767806435e-08,
  "41": -2.26978628459233e-08,
  "42": -1.55545138558701e-08,
  "43": 1.02916532932445e-07,
  "44": 56.4493367928892,
  "45": 5.82687637850549e-08,
  "50": -1.43827584433733e-08,
  "51": -5.73910755905167e-09,
  "52": 1.14003476865499e-08,
  "53": 2.96985006309762e-08,
  "54": 5.82687637850549e-08,
  "55": 56.4493365941095
}