{"1":-1.4276615319254051202e-11, "2":-5.7714038090844340114e-11,"3":1.7695196476729551814e-11,"4":5.6449336650906005767e-05,"5":1.5566211249745744232e-13,"6":-8.7215169729638793222e-14}
