{"1":-5.7704716293450387544e-11, "2":-1.4291566533147126695e-11,"3":1.7693516185550466299e-11,"4":-4.0959518339540300493e-14,"5":5.6449336773582681984e-05,"6":3.1476332252898891484e-14}
