{"1":-5.7692193396775639784e-11, "2":-1.4277718293163246519e-11,"3":1.770399789517628504e-11,"4":-1.1833219142939987941e-14,"5":5.6449336725045708661e-05,"6":1.0166734014863127411e-15}
