{
  "11": 151.4244792505655,
  "12": 76.42208428251625,
  "13": 76.42208429258906,
  "14": 1.4831310791368173e-09,
  "15": -7.425513604056638e-10,
  "16": 2.1297120271365764e-09,
  "21": 76.42208428903184,
  "22": 151.42447924070376,
  "23": 76.42208429269878,
  "24": 1.584803155594298e-09,
  "25": -7.344449315508439e-10,
  "26": 1.9182398164718962e-09,
  "31": 76.42208428906444,
  "32": 76.42208428266675,
  "33": 151.42447925401706,
  "34": 1.3652266563795916e-09,
  "35": -5.026801105514166e-10,
  "36": 3.007890013512688e-09,
  "41": -8.54098922152896e-09,
  "42": 2.235438327204879e-09,
  "43": -1.366736571878451e-09,
  "44": 56.449336744436565,
  "45": -2.6952530884316847e-09,
  "46": -7.46291413761813e-09,
  "51": -1.3120101726108486e-09,
  "52": 9.30869931062224e-10,
  "53": -1.739807411756124e-09,
  "54": -2.8522774545341202e-09,
  "55": 56.44933673566931,
  "56": 2.1991947016448792e-09,
  "61": -6.739482940272668e-10,
  "62": -1.7004338854296695e-08,
  "63": 3.831296430297787e-09,
  "64": -7.830756927812735e-09,
  "65": -9.246419106800186e-09,
  "66": 56.449336744429935
}