{"1":-7.6421897680121960187e-05, "2":-0.00015142431128452180566,"3":-7.6421897682447682268e-05,"4":-4.8312381726722926675e-15,"5":-1.6861129401339651106e-15,"6":-4.4652981687115058924e-15}
