{
  "components": [
    "1",
    "2",
    "3",
    "4",
    "5",
    "6"
  ],
  "epsilons": [
    "1.0e-6",
    "-1.0e-6"
  ],
  "stiffness": {
    "per_epsilon": {
      "11": [
        151.42431127366518,
        151.42464722746584
      ],
      "12": [
        76.42189768328454,
        76.42227089477917
      ],
      "13": [
        76.42189768421976,
        76.42227089390913
      ],
      "14": [
        -3.167772604717484e-09,
        -1.391420583834044e-08
      ],
      "15": [
        5.2001321041146405e-09,
        -7.824152449336339e-09
      ],
      "16": [
        5.128350215444428e-09,
        -6.476246803498961e-09
      ],
      "21": [
        76.42189768000665,
        76.42227088502587
      ],
      "22": [
        151.42431126862272,
        151.4246472127848
      ],
      "23": [
        76.42189767991724,
        76.42227088541622
      ],
      "24": [
        -8.428811443302286e-09,
        1.2899688097712044e-08
      ],
      "25": [
        7.022391344134645e-10,
        1.1595007277109833e-09
      ],
      "26": [
        -7.151245018847575e-09,
        -2.6857432689745817e-08
      ],
      "31": [
        76.42189768197434,
        76.42227090320377
      ],
      "32": [
        76.42189768177101,
        76.42227090362657
      ],
      "33": [
        151.42431126771177,
        151.42464724032232
      ],
      "34": [
        6.962400842721564e-10,
        -3.4297132280290584e-09
      ],
      "35": [
        8.248646680401722e-10,
        -4.30447949155242e-09
      ],
      "36": [
        -6.001141356263878e-09,
        1.3663734216859452e-08
      ],
      "41": [
        1.4273059604537457e-05,
        -1.4270093342379183e-05
      ],
      "42": [
        5.769547952216805e-05,
        -5.769230991585686e-05
      ],
      "43": [
        -1.7700256454656874e-05,
        1.7702986907969634e-05
      ],
      "44": [
        56.449336743540485,
        56.44933674533264
      ],
      "45": [
        -7.623299440486136e-09,
        1.9187445314178964e-09
      ],
      "46": [
        -2.5020808006372157e-08,
        9.359294150746686e-09
      ],
      "51": [
        5.769059298172331e-05,
        -5.7692078084444126e-05
      ],
      "52": [
        1.4260350313837987e-05,
        -1.4261819203701088e-05
      ],
      "53": [
        -1.7707533705187844e-05,
        1.770652834496674e-05
      ],
      "54": [
        -6.81733664989796e-09,
        1.4268304730345912e-09
      ],
      "55": [
        56.44933674530904,
        56.449336726029586
      ],
      "56": [
        -3.112605480264576e-08,
        1.2633216589045393e-08
      ],
      "61": [
        5.7701467166794305e-05,
        -5.769720774274003e-05
      ],
      "62": [
        -1.7698847049257567e-05,
        1.770268352889051e-05
      ],
      "63": [
        1.4273615185727779e-05,
        -1.4267599405700753e-05
      ],
      "64": [
        -1.1154319667452383e-08,
        -3.771508607783877e-09
      ],
      "65": [
        5.450781463282449e-09,
        -1.0523920599926894e-09
      ],
      "66": [
        56.44933674927192,
        56.44933673958795
      ]
    },
    "mean": {
      "11": 151.42447925056553,
      "12": 76.42208428903186,
      "13": 76.42208428906444,
      "14": -8.540989221528962e-09,
      "15": -1.3120101726108492e-09,
      "16": -6.739482940272667e-10,
      "21": 76.42208428251627,
      "22": 151.42447924070376,
      "23": 76.42208428266673,
      "24": 2.235438327204879e-09,
      "25": 9.30869931062224e-10,
      "26": -1.7004338854296695e-08,
      "31": 76.42208429258906,
      "32": 76.4220842926988,
      "33": 151.42447925401706,
      "34": -1.366736571878451e-09,
      "35": -1.7398074117561241e-09,
      "36": 3.831296430297787e-09,
      "41": 1.4831310791372422e-09,
      "42": 1.5848031555933324e-09,
      "43": 1.3652266563797657e-09,
      "44": 56.449336744436565,
      "45": -2.85227745453412e-09,
      "46": -7.830756927812736e-09,
      "51": -7.425513604063065e-10,
      "52": -7.344449315505906e-10,
      "53": -5.026801105511588e-10,
      "54": -2.6952530884316847e-09,
      "55": 56.44933673566931,
      "56": -9.246419106800184e-09,
      "61": 2.129712027137818e-09,
      "62": 1.918239816470858e-09,
      "63": 3.0078900135129756e-09,
      "64": -7.46291413761813e-09,
      "65": 2.1991947016448796e-09,
      "66": 56.449336744429935
    },
    "sem": {
      "11": 0.00016797690032888113,
      "12": 0.0001866057473165483,
      "13": 0.00018660484468568939,
      "14": 5.373216616811477e-09,
      "15": 6.51214227672549e-09,
      "16": 5.802298509471695e-09,
      "21": 0.00018660250960778055,
      "22": 0.0001679720810443541,
      "23": 0.00018660274949411357,
      "24": 1.0664249770507164e-08,
      "25": 2.2863079664875937e-10,
      "26": 9.853093835449119e-09,
      "31": 0.00018661061471192397,
      "32": 0.00018661092777705335,
      "33": 0.0001679863052714836,
      "34": 2.0629766561506073e-09,
      "35": 2.5646720797962958e-09,
      "36": 9.832437786561666e-09,
      "41": 1.4271576473458319e-05,
      "42": 5.7693894719012445e-05,
      "43": 1.7701621681313253e-05,
      "44": 8.960761022151415e-10,
      "45": 4.771021985952016e-09,
      "46": 1.719005107855942e-08,
      "51": 5.769133553308372e-05,
      "52": 1.4261084758769537e-05,
      "53": 1.770703102507729e-05,
      "54": 4.122083561466276e-09,
      "55": 9.639727238663909e-09,
      "56": 2.1879635695845574e-08,
      "61": 5.769933745476716e-05,
      "62": 1.7700765289074038e-05,
      "63": 1.4270607295714267e-05,
      "64": 3.6914055298342524e-09,
      "65": 3.2515867616375686e-09,
      "66": 4.841986367409844e-09
    }
  }
}