{
  "11": 151.42447925056553,
  "12": 76.42208428903186,
  "13": 76.42208428906444,
  "14": -8.540989221528962e-09,
  "15": -1.3120101726108492e-09,
  "16": -6.739482940272667e-10,
  "21": 76.42208428251627,
  "22": 151.42447924070376,
  "23": 76.42208428266673,
  "24": 2.235438327204879e-09,
  "25": 9.30869931062224e-10,
  "26": -1.7004338854296695e-08,
  "31": 76.42208429258906,
  "32": 76.4220842926988,
  "33": 151.42447925401706,
  "34": -1.366736571878451e-09,
  "35": -1.7398074117561241e-09,
  "36": 3.831296430297787e-09,
  "41": 1.4831310791372422e-09,
  "42": 1.5848031555933324e-09,
  "43": 1.3652266563797657e-09,
  "44": 56.449336744436565,
  "45": -2.85227745453412e-09,
  "46": -7.830756927812736e-09,
  "51": -7.425513604063065e-10,
  "52": -7.344449315505906e-10,
  "53": -5.026801105511588e-10,
  "54": -2.6952530884316847e-09,
  "55": 56.44933673566931,
  "56": -9.246419106800184e-09,
  "61": 2.129712027137818e-09,
  "62": 1.918239816470858e-09,
  "63": 3.0078900135129756e-09,
  "64": -7.46291413761813e-09,
  "65": 2.1991947016448796e-09,
  "66": 56.449336744429935
}