{"1":-1.1531233151886932948e-16, "2":-1.5899089462158487779e-14,"3":-2.5304497904585427237e-15,"4":-1.3260049615974579125e-14,"5":-9.8387380572050064124e-16,"6":-1.1616543187559080792e-14}
