{"1":-5.7704219813818935609e-11, "2":1.7680846438086708643e-11,"3":-1.4278580892219343315e-11,"4":-9.2828433108975131057e-14,"5":3.7493381902708172022e-14,"6":5.6449336336729694931e-05}
