{"1":-5.7703792662223721635e-11, "2":-1.4289114029751120046e-11,"3":1.7693862532840504278e-11,"4":-1.3374284297858038721e-13,"5":-5.6449336812195661443e-05,"6":-5.306290606021104925e-14}
