{"1":-7.6421897676749454462e-05, "2":-0.00015142431127844943324,"3":-7.6421897675716643473e-05,"4":-1.2177241506447292857e-13,"5":1.8671993484080719168e-14,"6":-9.2633121395935099266e-14}
