{
  "11": 151.4244792572622,
  "12": 76.42208428860505,
  "13": 76.42208428919051,
  "14": -4.863802430751858e-08,
  "15": -3.175353794793518e-08,
  "16": -2.7026477149347463e-08,
  "21": 76.42208428291462,
  "22": 151.42447924163875,
  "23": 76.42208428226405,
  "24": 3.617316972317339e-08,
  "25": -4.416947399384692e-08,
  "26": -9.693935599952798e-09,
  "31": 76.42208429181673,
  "32": 76.42208429175163,
  "33": 151.42447925910358,
  "34": 5.748101825044453e-08,
  "35": -3.09358540667402e-08,
  "36": 2.487793695310002e-08,
  "41": -2.1747699216557165e-09,
  "42": -1.7640038622284001e-09,
  "43": -1.78032566424347e-09,
  "44": 56.449336690746975,
  "45": 1.5944140354536959e-07,
  "46": 2.6759962798835718e-08,
  "51": -4.6181561333180415e-10,
  "52": -1.226251698003136e-09,
  "53": -1.731736450185571e-10,
  "54": 4.6391662319520046e-08,
  "55": 56.44933679288917,
  "56": 4.226961915655497e-08,
  "61": -1.7390397374160535e-09,
  "62": -1.7842795181367946e-09,
  "63": -2.0772415800272777e-09,
  "64": 3.2637038463116874e-08,
  "65": 7.426790841355489e-08,
  "66": 56.449336594109525
}