{"1":7.6422270902694219548e-05, "2":7.6422270888040779954e-05,"3":0.00015142464723861732176,"4":-1.8777068827599085126e-14,"5":6.2499589916466606808e-14,"6":3.8557001587676470633e-14}
