{"1":-0.00015142431126940325689, "2":-7.6421897694741274519e-05,"3":-7.6421897681559652926e-05,"4":-2.3958832194625618501e-14,"5":5.7512082818753220927e-14,"6":9.1984794143362820548e-14}
