{"1":-7.6421897674288342636e-05, "2":-0.00015142431127708621164,"3":-7.6421897675784555186e-05,"4":-1.8927144431510544904e-14,"5":8.5483367715859488528e-14,"6":9.5572790586848249198e-14}
