{"1":-2.3455596731168788892e-09, "2":5.0259618791575508556e-09,"3":6.5453103513950555311e-09,"4":0.00016951136750386827656,"5":1.6773222540779290333e-13,"6":-1.1902083174337744408e-09}
