{"1":0.00015142464723165549698, "2":7.6422270882940923327e-05,"3":7.6422270896447886887e-05,"4":-4.7356198697834980013e-14,"5":6.0288141095756317743e-14,"6":9.3717835190990150255e-14}
