{"1":2.233775982618773577e-09, "2":-1.0424644635144118194e-09,"3":2.9090261335229160726e-09,"4":1.0701624483106825058e-14,"5":0.00011300757838227371282,"6":-5.2892284244394038363e-10}
