{"1":0.00015142464722735053673, "2":7.6422270878880071195e-05,"3":7.6422270891378672525e-05,"4":-2.7174255454315017041e-14,"5":-8.8080262550568377749e-15,"6":-1.8092789991058041837e-14}
