{"1":-1.427317491686897399e-11, "2":-5.7711378611630205869e-11,"3":1.7697726004866416707e-11,"4":-5.6449336756800533397e-05,"5":6.6394256347656356263e-15,"6":1.3404264818813074094e-14}
