{"1":7.6422270903088449011e-05, "2":7.6422270887727472631e-05,"3":0.00015142464723779186443,"4":-1.6689762844003637449e-14,"5":-5.2883532972729207023e-15,"6":2.0471910293003705569e-15}
