{"1":-2.3455597174951770689e-09, "2":5.025962477854906191e-09,"3":6.5453107791705233136e-09,"4":-0.00016951136756085684299,"5":-5.4383544610517033765e-14,"6":-1.1902295090310896645e-09}
