{
  "11": 151.4244792505294,
  "12": 76.42208428035256,
  "13": 76.4220842887676,
  "14": 6.301023843984266e-10,
  "15": 2.218914908985156e-11,
  "16": -1.3946018177008072e-09,
  "21": 76.4220842888411,
  "22": 151.4244792369096,
  "23": 76.42208428900746,
  "24": 8.616434559914125e-10,
  "25": -2.993486776677168e-10,
  "26": -8.49712451817312e-10,
  "31": 76.42208428900376,
  "32": 76.42208428029966,
  "33": 151.42447925098836,
  "34": 5.730522876257516e-10,
  "35": -2.1388773389125405e-10,
  "36": -5.81386380244612e-10,
  "41": -1.1698683251604681e-08,
  "42": -1.0133178152355288e-09,
  "43": 1.040680364588965e-09,
  "44": 3.146621939681588e-08,
  "45": 169.51136753236258,
  "46": 127.1335256066844,
  "51": 1.3880291385015484e-09,
  "52": -6.280974184971096e-09,
  "53": 8.359783119797815e-10,
  "54": 113.00757832391834,
  "55": 1.1105788500915498e-07,
  "56": -5.466514506019596e-09,
  "61": 8.665205238136649e-10,
  "62": 4.200525399327951e-11,
  "63": -3.497321079684554e-09,
  "64": -3.21621580816012e-09,
  "65": 1.0595798657611856e-08,
  "66": 2.356837712686413e-08
}