{"1":-9.7303426962858587099e-10, "2":2.7175895314379468879e-09,"3":2.0830517002682400752e-09,"4":0.00012713352559194765392,"5":-4.7814574727174331196e-10,"6":1.1958381091879868033e-13}
