{"1":-9.7303148042495046937e-10, "2":2.7175912308628505225e-09,"3":2.0830528630410005644e-09,"4":-0.00012713352562142117498,"5":-4.7813481424273127276e-10,"6":7.2447056665070425255e-14}
