{"1":2.2337747224140047801e-09, "2":-1.0424661868013238023e-09,"3":2.9090249874183408211e-09,"4":-5.2230814310524941581e-14,"5":-0.00011300757826556294037,"6":-5.2891641001232406339e-10}
