{"1":7.6422270886416780625e-05, "2":0.00015142464719673296553,"3":7.6422270884814763495e-05,"4":-2.0953780061981602279e-14,"5":7.2921419345917296222e-14,"6":9.5656801094834808217e-14}
