{"1":-7.6421897674840987588e-05, "2":-7.6421897689974132434e-05,"3":-0.00015142431126335939898,"4":-2.085842955677701498e-14,"5":6.0827633292507043865e-14,"6":4.555164374704557834e-14}
