{"1":7.6422270884910539204e-05, "2":0.00015142464719688570251,"3":7.6422270882885778094e-05,"4":-3.603615182625341765e-16,"5":1.756269219904826724e-16,"6":-3.8473975877304894197e-14}
