{
  "components": [
    "xx",
    "yy",
    "zz",
    "yz",
    "xz",
    "xy"
  ],
  "epsilons": [
    "1.0e-6",
    "-1.0e-6"
  ],
  "stiffness": {
    "per_epsilon": {
      "xxxx": [
        151.42431127366518,
        151.42464722746584
      ],
      "xxyy": [
        76.42189768328454,
        76.42227089477917
      ],
      "xxzz": [
        76.42189768421976,
        76.42227089390913
      ],
      "xxyz": [
        -3.167772604717484e-09,
        -1.391420583834044e-08
      ],
      "xxxz": [
        5.2001321041146405e-09,
        -7.824152449336339e-09
      ],
      "xxxy": [
        5.128350215444428e-09,
        -6.476246803498961e-09
      ],
      "yyxx": [
        76.42189768000665,
        76.42227088502587
      ],
      "yyyy": [
        151.42431126862272,
        151.4246472127848
      ],
      "yyzz": [
        76.42189767991724,
        76.42227088541622
      ],
      "yyyz": [
        -8.428811443302286e-09,
        1.2899688097712044e-08
      ],
      "yyxz": [
        7.022391344134645e-10,
        1.1595007277109833e-09
      ],
      "yyxy": [
        -7.151245018847575e-09,
        -2.6857432689745817e-08
      ],
      "zzxx": [
        76.42189768197434,
        76.42227090320377
      ],
      "zzyy": [
        76.42189768177101,
        76.42227090362657
      ],
      "zzzz": [
        151.42431126771177,
        151.42464724032232
      ],
      "zzyz": [
        6.962400842721564e-10,
        -3.4297132280290584e-09
      ],
      "zzxz": [
        8.248646680401722e-10,
        -4.30447949155242e-09
      ],
      "zzxy": [
        -6.001141356263878e-09,
        1.3663734216859452e-08
      ],
      "yzxx": [
        1.4273059604537457e-05,
        -1.4270093342379183e-05
      ],
      "yzyy": [
        5.769547952216805e-05,
        -5.769230991585686e-05
      ],
      "yzzz": [
        -1.7700256454656874e-05,
        1.7702986907969634e-05
      ],
      "yzyz": [
        56.449336743540485,
        56.44933674533264
      ],
      "yzxz": [
        -7.623299440486136e-09,
        1.9187445314178964e-09
      ],
      "yzxy": [
        -2.5020808006372157e-08,
        9.359294150746686e-09
      ],
      "xzxx": [
        5.769059298172331e-05,
        -5.7692078084444126e-05
      ],
      "xzyy": [
        1.4260350313837987e-05,
        -1.4261819203701088e-05
      ],
      "xzzz": [
        -1.7707533705187844e-05,
        1.770652834496674e-05
      ],
      "xzyz": [
        -6.81733664989796e-09,
        1.4268304730345912e-09
      ],
      "xzxz": [
        56.44933674530904,
        56.449336726029586
      ],
      "xzxy": [
        -3.112605480264576e-08,
        1.2633216589045393e-08
      ],
      "xyxx": [
        5.7701467166794305e-05,
        -5.769720774274003e-05
      ],
      "xyyy": [
        -1.7698847049257567e-05,
        1.770268352889051e-05
      ],
      "xyzz": [
        1.4273615185727779e-05,
        -1.4267599405700753e-05
      ],
      "xyyz": [
        -1.1154319667452383e-08,
        -3.771508607783877e-09
      ],
      "xyxz": [
        5.450781463282449e-09,
        -1.0523920599926894e-09
      ],
      "xyxy": [
        56.44933674927192,
        56.44933673958795
      ]
    },
    "mean": {
      "xxxx": 151.42447925056553,
      "xxyy": 76.42208428903186,
      "xxzz": 76.42208428906444,
      "xxyz": -8.540989221528962e-09,
      "xxxz": -1.3120101726108492e-09,
      "xxxy": -6.739482940272667e-10,
      "yyxx": 76.42208428251627,
      "yyyy": 151.42447924070376,
      "yyzz": 76.42208428266673,
      "yyyz": 2.235438327204879e-09,
      "yyxz": 9.30869931062224e-10,
      "yyxy": -1.7004338854296695e-08,
      "zzxx": 76.42208429258906,
      "zzyy": 76.4220842926988,
      "zzzz": 151.42447925401706,
      "zzyz": -1.366736571878451e-09,
      "zzxz": -1.7398074117561241e-09,
      "zzxy": 3.831296430297787e-09,
      "yzxx": 1.4831310791372422e-09,
      "yzyy": 1.5848031555933324e-09,
      "yzzz": 1.3652266563797657e-09,
      "yzyz": 56.449336744436565,
      "yzxz": -2.85227745453412e-09,
      "yzxy": -7.830756927812736e-09,
      "xzxx": -7.425513604063065e-10,
      "xzyy": -7.344449315505906e-10,
      "xzzz": -5.026801105511588e-10,
      "xzyz": -2.6952530884316847e-09,
      "xzxz": 56.44933673566931,
      "xzxy": -9.246419106800184e-09,
      "xyxx": 2.129712027137818e-09,
      "xyyy": 1.918239816470858e-09,
      "xyzz": 3.0078900135129756e-09,
      "xyyz": -7.46291413761813e-09,
      "xyxz": 2.1991947016448796e-09,
      "xyxy": 56.449336744429935
    },
    "sem": {
      "xxxx": 0.00016797690032888113,
      "xxyy": 0.0001866057473165483,
      "xxzz": 0.00018660484468568939,
      "xxyz": 5.373216616811477e-09,
      "xxxz": 6.51214227672549e-09,
      "xxxy": 5.802298509471695e-09,
      "yyxx": 0.00018660250960778055,
      "yyyy": 0.0001679720810443541,
      "yyzz": 0.00018660274949411357,
      "yyyz": 1.0664249770507164e-08,
      "yyxz": 2.2863079664875937e-10,
      "yyxy": 9.853093835449119e-09,
      "zzxx": 0.00018661061471192397,
      "zzyy": 0.00018661092777705335,
      "zzzz": 0.0001679863052714836,
      "zzyz": 2.0629766561506073e-09,
      "zzxz": 2.5646720797962958e-09,
      "zzxy": 9.832437786561666e-09,
      "yzxx": 1.4271576473458319e-05,
      "yzyy": 5.7693894719012445e-05,
      "yzzz": 1.7701621681313253e-05,
      "yzyz": 8.960761022151415e-10,
      "yzxz": 4.771021985952016e-09,
      "yzxy": 1.719005107855942e-08,
      "xzxx": 5.769133553308372e-05,
      "xzyy": 1.4261084758769537e-05,
      "xzzz": 1.770703102507729e-05,
      "xzyz": 4.122083561466276e-09,
      "xzxz": 9.639727238663909e-09,
      "xzxy": 2.1879635695845574e-08,
      "xyxx": 5.769933745476716e-05,
      "xyyy": 1.7700765289074038e-05,
      "xyzz": 1.4270607295714267e-05,
      "xyyz": 3.6914055298342524e-09,
      "xyxz": 3.2515867616375686e-09,
      "xyxy": 4.841986367409844e-09
    }
  }
}