{
  "xxxx": 151.42447925056553,
  "xxyy": 76.42208428903186,
  "xxzz": 76.42208428906444,
  "xxyz": -8.540989221528962e-09,
  "xxxz": -1.3120101726108492e-09,
  "xxxy": -6.739482940272667e-10,
  "yyxx": 76.42208428251627,
  "yyyy": 151.42447924070376,
  "yyzz": 76.42208428266673,
  "yyyz": 2.235438327204879e-09,
  "yyxz": 9.30869931062224e-10,
  "yyxy": -1.7004338854296695e-08,
  "zzxx": 76.42208429258906,
  "zzyy": 76.4220842926988,
  "zzzz": 151.42447925401706,
  "zzyz": -1.366736571878451e-09,
  "zzxz": -1.7398074117561241e-09,
  "zzxy": 3.831296430297787e-09,
  "yzxx": 1.4831310791372422e-09,
  "yzyy": 1.5848031555933324e-09,
  "yzzz": 1.3652266563797657e-09,
  "yzyz": 56.449336744436565,
  "yzxz": -2.85227745453412e-09,
  "yzxy": -7.830756927812736e-09,
  "xzxx": -7.425513604063065e-10,
  "xzyy": -7.344449315505906e-10,
  "xzzz": -5.026801105511588e-10,
  "xzyz": -2.6952530884316847e-09,
  "xzxz": 56.44933673566931,
  "xzxy": -9.246419106800184e-09,
  "xyxx": 2.129712027137818e-09,
  "xyyy": 1.918239816470858e-09,
  "xyzz": 3.0078900135129756e-09,
  "xyyz": -7.46291413761813e-09,
  "xyxz": 2.1991947016448796e-09,
  "xyxy": 56.449336744429935
}