{"xx":-0.00015142431127378047921, "yy":-7.642189769918363029e-05,"zz":-7.6421897686750203064e-05,"yz":-1.0092277011257095337e-14,"xz":-6.1840059098351407181e-15,"xy":-1.6744893403003508223e-14}
