{"xx":-7.6421897682089665158e-05, "yy":-7.642189769767009761e-05,"zz":-0.00015142431127024221253,"yz":-1.3956289700246735461e-14,"xz":-1.8087384737606728547e-15,"xy":-5.6154018312952032689e-15}
