{"xx":-7.6421897680121960187e-05, "yy":-0.00015142431128452180566,"zz":-7.6421897682447682268e-05,"yz":-4.8312381726722926675e-15,"xz":-1.6861129401339651106e-15,"xy":-4.4652981687115058924e-15}
