{"xx":-5.7692193396775639784e-11, "yy":-1.4277718293163246519e-11,"zz":1.770399789517628504e-11,"yz":-1.1833219142939987941e-14,"xz":5.6449336725045708661e-05,"xy":1.0166734014863127411e-15}
