{"xx":0.00015142464722735053673, "yy":7.6422270878880071195e-05,"zz":7.6422270891378672525e-05,"yz":-2.7174255454315017041e-14,"xz":-8.8080262550568377749e-15,"xy":-1.8092789991058041837e-14}
