{"xx":-5.7690708294054828457e-11, "yy":-1.4276249403300144831e-11,"zz":1.7705003255397387873e-11,"yz":-6.4427129660766188063e-15,"xz":-5.6449336746292913503e-05,"xy":1.9509511615086683855e-14}
