{"xx":7.6422270903088449011e-05, "yy":7.6422270887727472631e-05,"zz":0.00015142464723779186443,"yz":-1.6689762844003637449e-14,"xz":-5.2883532972729207023e-15,"xy":2.0471910293003705569e-15}
