{"xx":-5.7701582479125816957e-11, "yy":1.7682947959795406093e-11,"zz":-1.4276145635518236626e-11,"yz":-2.1057299485221969004e-15,"xz":-6.4346552690029488245e-15,"xy":-5.6449336760888463478e-05}
