{"xx":7.6422270884910539204e-05, "yy":0.00015142464719688570251,"zz":7.6422270882885778094e-05,"yz":-3.603615182625341765e-16,"xz":1.756269219904826724e-16,"xy":-3.8473975877304894197e-14}
