{"xx":-1.4270208654710700355e-11, "yy":-5.7708209005319017273e-11,"zz":1.770045645817917589e-11,"yz":5.6449336732072585572e-05,"xz":9.3487072569739564971e-16,"xy":-2.2572490368123948376e-15}
