{"xx":-5.7697323055071543805e-11, "yy":1.7686784439428349885e-11,"zz":-1.427012985549121125e-11,"yz":-1.7031558223758456518e-14,"xz":-2.0362658657131900227e-15,"xy":5.6449336727971401119e-05}
