{
  "11": 151.424479257262,
  "12": 76.4220842857599,
  "13": 76.4220842905037,
  "14": -2.54063971146092e-08,
  "15": -1.61076767806435e-08,
  "16": -1.43827584433733e-08,
  "21": 76.4220842857599,
  "22": 151.424479241638,
  "23": 76.4220842870078,
  "24": 1.7204582930486e-08,
  "25": -2.26978628459233e-08,
  "26": -5.73910755905167e-09,
  "31": 76.4220842905037,
  "32": 76.4220842870078,
  "33": 151.424479259104,
  "34": 2.78503462931226e-08,
  "35": -1.55545138558701e-08,
  "36": 1.14003476865499e-08,
  "41": -2.54063971146092e-08,
  "42": 1.7204582930486e-08,
  "43": 2.78503462931226e-08,
  "44": 56.449336690747,
  "45": 1.02916532932445e-07,
  "46": 2.96985006309762e-08,
  "51": -1.61076767806435e-08,
  "52": -2.26978628459233e-08,
  "53": -1.55545138558701e-08,
  "54": 1.02916532932445e-07,
  "55": 56.4493367928892,
  "56": 5.82687637850549e-08,
  "61": -1.43827584433733e-08,
  "62": -5.73910755905167e-09,
  "63": 1.14003476865499e-08,
  "64": 2.96985006309762e-08,
  "65": 5.82687637850549e-08,
  "66": 56.4493365941095
}