{"1":-7.6421897687166658671e-05, "2":-7.6421897698664947971e-05,"3":-0.00015142431128491453079,"4":-1.1422135472314471557e-13,"5":5.5683673445630116482e-14,"6":3.8683527463455901555e-15}
