{"1":-1.4270208654710700355e-11, "2":-5.7708209005319017273e-11,"3":1.770045645817917589e-11,"4":5.6449336732072585572e-05,"5":9.3487072569739564971e-16,"6":-2.2572490368123948376e-15}
