{"1": 0.02839133674102308, "2": 0.0, "3": -0.0, "4": 0.0, "5": 0.028097125997592783, "6": 0.00014710537171514548, "7": -0.0, "8": 0.00014710537171514548, "9": -0.07325847511414244}