{"1": -1.0272368106868608, "2": 0.0, "3": 0.0, "4": 0.0, "5": -0.24007596663911743, "6": 0.0, "7": 0.0, "8": 0.0, "9": -0.07134610528184555}