{"1": -0.23448596251394188, "2": 0.0, "3": 0.0, "4": 0.0, "5": -1.0369457652200604, "6": 0.0, "7": 0.0, "8": 0.0, "9": -0.07693610940702109}