{"1": 0.028685547484453365, "2": -0.4164553073255768, "3": 0.0, "4": -0.4164553073255768, "5": 0.04207213631053161, "6": 0.0, "7": 0.0, "8": 0.0, "9": -0.07193452676870614}