{"1": 0.028685547484453365, "2": 0.0, "3": -0.00029421074343029095, "4": 0.0, "5": 0.02795002062587764, "6": -0.0, "7": -0.00029421074343029095, "8": -0.0, "9": -0.07340558048585757}