{"1": 0.028538442112738222, "2": 0.0, "3": 0.0, "4": 0.0, "5": 0.02795002062587764, "6": 0.0, "7": 0.0, "8": 0.0, "9": -0.0731113697424273}