{"1": 0.02839133674102308, "2": 0.0, "3": -0.0, "4": 0.0, "5": 0.028097125997592783, "6": -0.00029421074343029095, "7": -0.0, "8": -0.00029421074343029095, "9": -0.07340558048585757}