{"1": 1.1741950770302911, "2": 0.0, "3": 0.0, "4": 0.0, "5": 0.29376942731514555, "6": 0.0, "7": 0.0, "8": 0.0, "9": -0.0736997912292879}