{"1": 0.028538442112738222, "2": 0.416602412697292, "3": 0.0, "4": 0.416602412697292, "5": 0.04177792556710131, "6": 0.0, "7": 0.0, "8": 0.0, "9": -0.07252294825556672}