{"1": 0.3021544335029088, "2": 0.00014710537171514548, "3": 0.0, "4": 0.00014710537171514548, "5": 1.1658100708425279, "6": 0.0, "7": 0.0, "8": 0.0, "9": -0.07384689660100303}