{
  "11": 110.07159438585758,
  "12": 26.83201980084253,
  "13": 0.0,
  "14": 0.0,
  "15": 0.0,
  "16": -0.007355268585757142,
  "21": 0.0,
  "22": 0.007355268585757273,
  "23": 0.0,
  "24": 0.0,
  "25": 0.0,
  "26": 41.65288600114344,
  "31": 0.0,
  "32": 0.0,
  "33": 0.0,
  "34": 0.0,
  "35": -0.029421074343029093,
  "36": 0.0,
  "41": 0.0,
  "42": 0.007355268585757273,
  "43": 0.0,
  "44": 0.0,
  "45": 0.0,
  "46": 41.65288600114344,
  "51": 26.69226969771315,
  "52": 110.13779180312942,
  "53": 0.0,
  "54": 0.0,
  "55": -0.007355268585757142,
  "56": -0.014710537171514979,
  "61": 0.0,
  "62": 0.0,
  "63": 0.0,
  "64": -0.022065805757271822,
  "65": 0.0,
  "66": 0.0
}