{
  "11": 0.009984128153311086,
  "12": -0.003348779421760193,
  "13": -0.0033487794216118384,
  "14": 3.5832107878076406e-12,
  "15": 2.8983809424278837e-13,
  "16": 1.4398534818744694e-12,
  "21": -0.0033487794217601933,
  "22": 0.009984128154381138,
  "23": -0.003348779421844068,
  "24": -1.4489852665801186e-12,
  "25": 1.06811422535753e-12,
  "26": 4.190709086131776e-13,
  "31": -0.0033487794216118384,
  "32": -0.0033487794218440676,
  "33": 0.009984128153259561,
  "34": -2.7062097707503502e-12,
  "35": 2.2451165355998418e-13,
  "36": -1.6050341234058624e-12,
  "41": 3.583210787807641e-12,
  "42": -1.4489852665801192e-12,
  "43": -2.7062097707503502e-12,
  "44": 0.004428750002318082,
  "45": -8.074348100993386e-12,
  "46": -2.3300049596063073e-12,
  "51": 2.898380942427881e-13,
  "52": 1.06811422535753e-12,
  "53": 2.2451165355998418e-13,
  "54": -8.074348100993386e-12,
  "55": 0.004428749994304485,
  "56": -4.571493707588656e-12,
  "61": 1.4398534818744694e-12,
  "62": 4.190709086131776e-13,
  "63": -1.6050341234058626e-12,
  "64": -2.3300049596063073e-12,
  "65": -4.571493707588656e-12,
  "66": 0.004428750009899807
}