{"1":0.00015142464722865857244, "2":7.6422270879488755847e-05,"3":7.6422270891458686645e-05,"4":-5.2517772232734891046e-14,"5":-1.3240746900938603949e-13,"6":-1.5928094124206539413e-13}
