{"1":-0.00015142431128586580978, "2":-7.6421897697721326162e-05,"3":-7.6421897686922333711e-05,"4":4.4758276382302256923e-14,"5":-6.8900393113515671051e-14,"6":-1.0522798694337047726e-13}
