{"1":-2.2709669199827007371e-15, "2":-8.800783012669045051e-15,"3":-1.2463631495248945446e-15,"4":-2.2833445772872979618e-14,"5":1.2434230513788431143e-14,"6":5.9162573177610992597e-14}
