{
  "11": 151.4244792572622,
  "12": 76.42208428291461,
  "13": 76.42208429181673,
  "14": -2.174769921655603e-09,
  "15": -4.6181561333295476e-10,
  "16": -1.7390397374163228e-09,
  "21": 76.42208428860505,
  "22": 151.42447924163875,
  "23": 76.42208429175162,
  "24": -1.7640038622263094e-09,
  "25": -1.2262516980033247e-09,
  "26": -1.7842795181365016e-09,
  "31": 76.42208428919052,
  "32": 76.42208428226404,
  "33": 151.42447925910358,
  "34": -1.7803256642448174e-09,
  "35": -1.731736450189892e-10,
  "36": -2.0772415800271214e-09,
  "41": -4.863802430751858e-08,
  "42": 3.6173169723173384e-08,
  "43": 5.7481018250444524e-08,
  "44": 56.449336690746975,
  "45": 4.639166231952004e-08,
  "46": 3.263703846311688e-08,
  "51": -3.175353794793519e-08,
  "52": -4.416947399384693e-08,
  "53": -3.09358540667402e-08,
  "54": 1.5944140354536956e-07,
  "55": 56.44933679288918,
  "56": 7.426790841355489e-08,
  "61": -2.702647714934746e-08,
  "62": -9.693935599952806e-09,
  "63": 2.487793695310002e-08,
  "64": 2.6759962798835718e-08,
  "65": 4.226961915655497e-08,
  "66": 56.449336594109525
}