{"1":7.6422270889079770896e-05, "2":0.00015142464720482805263,"3":7.642227088881144441e-05,"4":-4.942607561812616532e-14,"5":-6.9666954503613131781e-14,"6":-1.1202099259584071187e-13}
